team,name,ovr,pot,baselineYear,baselineGames,baselinePPG,baselineRPG,baselineAPG,baseline3P,ft_old,blk_old,stl_old,reb_old,ft_new,blk_new,stl_new,reb_new,three_old,passing_old,three_new,passing_new,score_old,score_new
Toronto Raptors,Kawhi Leonard,88,88,2026,65.0,27.9,6.4,3.6,38.7,89,48,95,82,90,52,96,83,,,,,,
Toronto Raptors,Scottie Barnes,86,90,2026,80.0,18.1,7.5,5.9,30.4,79,91,85,87,81,92,87,88,,,,,,
Toronto Raptors,RJ Barrett,77,81,2026,57.0,19.3,5.3,3.3,33.9,62,38,53,,66,43,59,,,,,,,
Toronto Raptors,Immanuel Quickley,75,78,2026,70.0,16.4,4.0,5.9,37.4,77,25,85,50,80,29,86,60,79,82,81,86,,
Toronto Raptors,Jakob Poeltl,72,72,2026,46.0,10.7,7.0,2.0,0.0,47,81,,86,52,77,,87,42,56,28,57,,
Toronto Raptors,Jamal Shead,72,79,2026,82.0,6.6,1.7,5.4,32.1,59,25,,25,66,33,,37,66,91,68,88,,
Toronto Raptors,Collin Murray-Boyles,71,81,2026,57.0,8.5,5.0,1.9,34.0,51,91,86,90,56,86,81,82,65,60,69,58,,
Toronto Raptors,Ja'Kobe Walter,69,78,2026,72.0,7.5,2.6,1.2,40.9,76,38,94,52,78,40,87,55,78,45,82,46,,
Toronto Raptors,Kyle Anderson,68,68,2026,43.0,6.19,3.5,2.93,37.21,65,80,88,77,68,74,84,70,63,78,70,71,,
Toronto Raptors,Trayce Jackson-Davis,66,71,2026,53.0,3.43,2.72,0.74,67.92,56,83,64,83,54,72,56,69,57,40,65,39,,
Toronto Raptors,Jamison Battle,64,71,2026,61.0,3.1,1.5,0.4,41.2,,44,46,67,,35,39,55,73,46,79,37,,
Toronto Raptors,Alijah Martin,60,68,2026,23.0,2.2,0.9,0.5,19.0,63,26,67,35,69,33,57,37,55,63,52,49,,
New York Knicks,Jalen Brunson,91,91,2026,74.0,26.0,3.3,6.8,36.9,85,26,41,37,86,29,53,51,88,,86,,,
New York Knicks,Karl-Anthony Towns,86,86,2026,75.0,20.1,11.9,3.0,36.8,82,54,67,89,84,57,70,94,79,64,80,66,,
New York Knicks,OG Anunoby,81,81,2026,67.0,16.7,5.2,2.2,38.6,78,68,94,71,81,70,93,74,82,49,83,56,,
New York Knicks,Mikal Bridges,80,80,2026,82.0,14.4,3.8,3.7,37.1,82,72,85,44,83,74,86,57,76,71,79,73,,
New York Knicks,Josh Hart,77,77,2026,66.0,12.0,7.4,4.8,41.3,58,39,,93,63,44,,91,71,85,78,84,,
New York Knicks,Miles McBride,70,75,2026,41.0,12.0,2.4,2.6,41.3,74,31,77,33,76,36,76,45,79,68,83,66,,
New York Knicks,Jordan Clarkson,70,70,2026,72.0,8.6,1.8,1.3,32.7,78,29,59,35,81,31,55,43,,55,,51,,
New York Knicks,Landry Shamet,70,70,2026,51.0,9.3,1.8,1.4,39.2,61,37,,31,65,39,,41,82,48,84,49,,
New York Knicks,Andre Drummond,69,69,2026,63.0,6.4,8.4,1.3,35.6,43,91,71,91,50,84,66,92,54,44,30,46,,
New York Knicks,Jose Alvarado,67,70,2026,69.0,7.37,2.48,3.38,34.96,73,28,93,46,75,30,85,51,71,78,74,74,,
New York Knicks,Tyler Kolek,67,73,2026,62.0,4.4,1.6,2.7,38.6,60,31,68,,64,32,60,,67,81,74,71,,
New York Knicks,Mohamed Diawara,61,72,2026,69.0,3.6,1.4,0.8,36.9,61,52,57,65,66,44,48,54,72,56,76,46,,
New York Knicks,Pacome Dadiet,59,70,2026,29.0,1.7,0.9,0.4,21.9,66,38,57,29,72,32,46,34,62,68,59,54,,
Boston Celtics,Jayson Tatum,91,92,2025,72.0,26.8,8.7,6.0,34.3,,37,87,,,48,84,,84,84,82,87,,
Boston Celtics,Paul George,79,79,2026,37.0,17.3,5.3,3.6,39.2,73,61,93,76,77,59,94,77,74,75,79,74,,
Boston Celtics,Derrick White,78,78,2026,77.0,16.5,4.4,5.4,32.7,91,,75,54,92,,78,64,,84,,85,,
Boston Celtics,Mitchell Robinson,75,77,2026,60.0,5.7,8.8,0.9,0.0,30,92,58,,32,90,65,,,27,,36,,
Boston Celtics,Payton Pritchard,75,77,2026,79.0,17.0,3.9,5.2,37.7,89,25,47,48,90,29,55,59,82,82,83,84,,
Boston Celtics,Sam Hauser,70,73,2026,78.0,9.2,3.8,1.5,39.3,,45,45,69,,47,50,68,81,43,83,48,,
Boston Celtics,Neemias Queta,70,74,2026,76.0,10.2,8.4,1.7,12.5,58,,73,85,63,,72,89,46,45,43,50,,
Boston Celtics,Luka Garza,67,71,2026,69.0,8.1,4.1,1.0,43.3,70,72,58,82,73,65,54,75,69,40,77,42,,
Boston Celtics,Jordan Walsh,68,77,2026,68.0,5.4,4.0,0.8,38.4,66,71,85,90,70,67,76,78,71,32,76,37,,
Boston Celtics,Baylor Scheierman,67,72,2026,77.0,5.5,3.5,1.5,39.9,85,29,63,83,88,31,60,73,76,55,80,53,,
Boston Celtics,Mike Conley,65,65,2026,54.0,4.5,1.7,2.9,33.7,79,,74,31,84,,68,40,78,76,77,70,,
Boston Celtics,Hugo Gonzalez,64,76,2026,74.0,3.9,3.3,0.5,36.2,54,64,77,84,52,57,70,73,73,32,76,33,,
Boston Celtics,Ron Harper Jr.,58,64,2026,29.0,4.2,1.7,0.8,35.0,55,71,61,59,62,61,53,53,65,55,70,45,,
Brooklyn Nets,Julius Randle,81,81,2026,79.0,21.1,6.7,5.0,31.5,72,31,77,87,76,36,79,86,73,82,72,83,,
Brooklyn Nets,Michael Porter Jr.,80,81,2026,52.0,24.2,7.1,3.0,36.3,83,38,77,89,85,40,79,88,78,62,79,66,,
Brooklyn Nets,Noah Clowney,73,82,2026,66.0,12.3,4.1,1.6,32.9,71,75,68,67,75,73,69,68,72,44,73,49,,
Brooklyn Nets,Day'Ron Sharpe,72,79,2026,62.0,8.7,6.7,2.3,23.1,48,80,76,93,55,69,78,89,48,66,51,63,,
Brooklyn Nets,Moritz Wagner,71,71,2026,36.0,6.9,3.2,0.8,31.4,86,54,59,82,85,45,55,71,68,,69,,,
Brooklyn Nets,Terance Mann,70,70,2026,63.0,7.2,3.2,3.0,36.4,68,33,67,54,72,37,66,59,69,75,73,71,,
Brooklyn Nets,Ben Saraf,69,80,2026,44.0,7.5,2.1,3.3,21.1,84,35,85,42,85,38,80,48,60,83,57,75,,
Brooklyn Nets,Egor Demin,69,80,2026,52.0,10.3,3.2,3.3,38.5,67,,82,72,74,,77,67,56,80,64,74,,
Brooklyn Nets,Josh Minott,69,77,2026,49.0,7.43,3.24,0.93,42.67,69,82,88,79,73,74,81,70,65,45,73,43,,
Brooklyn Nets,Nolan Traore,69,80,2026,56.0,8.9,1.8,3.8,31.8,67,,79,28,72,,75,39,68,84,69,79,,
Brooklyn Nets,Danny Wolf,68,77,2026,57.0,8.9,4.9,2.2,32.2,71,82,52,92,74,75,54,83,75,66,74,62,,
Brooklyn Nets,Keon Ellis,67,72,2026,72.0,6.69,1.9,1.0,36.28,69,88,97,31,70,79,91,41,73,33,76,39,,
Brooklyn Nets,Drake Powell,65,75,2026,63.0,6.5,1.8,1.4,28.0,86,38,67,30,88,40,64,40,69,53,67,51,,
Philadelphia 76ers,Joel Embiid,89,89,2026,38.0,26.9,7.7,3.9,33.3,81,90,47,,84,89,53,,,72,,75,,
Philadelphia 76ers,Jaylen Brown,88,88,2026,71.0,28.7,6.9,5.1,34.7,71,45,68,,75,50,72,,80,82,79,84,,
Philadelphia 76ers,Tyrese Maxey,87,91,2026,70.0,28.3,4.1,6.6,36.7,,35,74,42,,47,84,56,86,89,85,90,,
Philadelphia 76ers,LeBron James,85,85,2026,60.0,20.9,6.1,7.2,31.7,65,61,80,80,68,64,82,81,,95,,94,,
Philadelphia 76ers,VJ Edgecombe,76,91,2026,75.0,16.0,5.6,4.2,35.4,77,52,85,71,80,56,87,76,71,72,74,76,,
Philadelphia 76ers,Anfernee Simons,73,77,2026,55.0,14.31,2.44,2.47,38.68,89,28,47,33,90,31,52,45,83,65,84,64,,
Philadelphia 76ers,Dean Wade,70,70,2026,59.0,5.8,4.2,1.5,36.2,64,61,80,82,67,59,73,76,72,49,75,50,,
Philadelphia 76ers,Adem Bona,69,77,2026,71.0,4.8,4.3,0.5,33.3,56,91,52,92,62,90,51,81,43,25,51,31,,
Philadelphia 76ers,Dominick Barlow,69,77,2026,71.0,7.7,4.8,1.2,25.6,68,62,57,69,70,66,65,72,62,55,61,50,,
Philadelphia 76ers,Kentavious Caldwell-Pope,68,68,2026,51.0,8.4,2.5,2.7,31.6,81,38,81,43,86,40,76,50,,75,,69,,
Philadelphia 76ers,Justin Edwards,68,77,2026,64.0,6.0,1.5,1.2,37.2,73,44,91,36,78,43,82,41,75,60,78,51,,
Philadelphia 76ers,Jabari Walker,66,73,2026,64.0,4.3,3.0,0.5,33.7,72,51,63,78,73,47,57,69,69,35,72,34,,
Philadelphia 76ers,Ariel Hukporti,64,72,2026,54.0,2.2,2.9,0.5,25.0,56,84,41,81,64,74,40,69,26,40,34,36,,
Milwaukee Bucks,Tyler Herro,79,83,2026,33.0,20.5,4.8,4.1,37.8,92,30,55,62,93,42,60,69,,80,,79,,
Milwaukee Bucks,Jaime Jaquez Jr.,77,82,2026,75.0,15.4,5.0,4.7,31.7,67,40,55,79,71,44,60,77,65,85,67,83,,
Milwaukee Bucks,Kel'el Ware,77,85,2026,77.0,11.1,9.0,0.7,39.5,67,96,77,98,70,92,74,96,64,25,72,33,,
Milwaukee Bucks,Kevin Porter Jr.,76,80,2026,38.0,17.4,5.2,7.4,32.2,82,50,97,65,85,55,98,72,70,,71,,,
Milwaukee Bucks,Ryan Rollins,75,81,2026,74.0,17.3,4.6,5.6,40.6,66,45,,60,71,50,,67,80,79,84,84,,
Milwaukee Bucks,Myles Turner,73,73,2026,71.0,11.9,5.3,1.5,38.3,66,87,59,82,69,91,62,80,80,34,82,45,,
Milwaukee Bucks,Caris LeVert,71,71,2026,60.0,7.4,1.9,2.6,33.3,50,84,85,38,57,78,78,45,73,78,74,69,,
Milwaukee Bucks,Kyle Kuzma,71,71,2026,69.0,13.0,4.5,2.7,34.7,64,53,71,78,67,54,69,75,73,,75,,,
Milwaukee Bucks,A.J. Green,68,72,2026,78.0,10.4,2.7,1.9,41.9,80,27,42,32,83,30,48,46,83,49,86,54,,
Milwaukee Bucks,Gary Trent Jr.,67,71,2026,65.0,8.1,1.0,1.2,36.0,67,,54,26,71,,55,34,77,43,78,45,,
Milwaukee Bucks,Ousmane Dieng,67,75,2026,57.0,7.54,3.18,2.37,34.81,62,62,55,72,70,56,54,67,68,67,72,64,,
Milwaukee Bucks,Jericho Sims,64,68,2026,67.0,5.0,5.5,1.6,0.0,45,42,32,90,51,45,37,84,41,51,28,52,,
Milwaukee Bucks,Kasparas Jakucionis,65,76,2026,53.0,6.2,2.6,2.6,42.3,77,,73,59,82,,68,58,69,77,77,69,,
Milwaukee Bucks,Pete Nance,62,68,2026,47.0,5.4,2.7,1.0,42.0,68,44,57,62,60,46,51,60,77,31,83,38,,
Cleveland Cavaliers,Donovan Mitchell,87,87,2026,70.0,27.9,4.5,5.7,36.4,85,37,89,56,87,42,90,65,80,,81,,,
Cleveland Cavaliers,Evan Mobley,85,89,2026,65.0,18.2,9.0,3.6,29.7,41,95,55,,48,96,60,,,72,,73,,
Cleveland Cavaliers,Jarrett Allen,81,82,2026,56.0,15.4,8.5,1.8,10.0,58,89,80,,63,83,79,,48,48,38,52,,
Cleveland Cavaliers,Jaylon Tyson,74,82,2026,66.0,13.2,5.1,2.2,44.6,65,52,68,82,68,54,69,79,75,59,83,60,,
Cleveland Cavaliers,Sam Merrill,72,72,2026,52.0,12.8,2.6,2.4,42.1,79,26,52,33,82,29,56,46,84,,87,,,
Cleveland Cavaliers,Dennis Schroder,70,70,2026,70.0,10.83,2.7,4.87,32.03,74,31,78,39,78,34,74,49,66,,68,,,
Cleveland Cavaliers,Max Strus,70,70,2025,50.0,9.4,4.3,3.2,38.6,71,52,65,45,76,48,61,59,77,64,80,68,,
Cleveland Cavaliers,Craig Porter Jr.,67,72,2026,64.0,4.5,3.4,3.2,35.5,,81,91,76,,75,83,70,68,78,72,73,,
Cleveland Cavaliers,Thomas Bryant,65,65,2026,60.0,6.2,3.4,0.6,35.9,67,78,47,75,72,68,46,69,70,31,74,34,,
Cleveland Cavaliers,Mario Hezonja,64,64,2020,53.0,4.8,3.5,0.9,30.8,70,,60,58,75,,62,62,,60,,48,,
Cleveland Cavaliers,Nae'Qwan Tomlin,62,69,2026,64.0,5.8,2.9,0.8,23.5,65,,51,63,70,,56,61,54,46,55,42,,
Cleveland Cavaliers,Tyrese Proctor,62,72,2026,50.0,5.4,1.3,1.5,35.1,71,29,78,30,78,27,68,37,69,72,73,59,,
Detroit Pistons,Cade Cunningham,92,96,2026,64.0,23.9,5.5,9.9,34.2,77,,90,73,79,,89,76,74,,75,,,
Detroit Pistons,Ausar Thompson,79,86,2026,73.0,9.9,5.7,3.1,25.0,42,78,99,87,47,79,98,83,47,75,51,71,,
Detroit Pistons,Kevin Huerter,74,77,2026,69.0,10.07,3.44,2.56,30.68,70,40,72,69,74,49,73,67,79,71,76,66,,
Detroit Pistons,Paul Reed,74,78,2026,65.0,7.8,4.5,1.2,32.5,45,87,91,92,53,84,83,81,50,,58,,,
Detroit Pistons,Isaiah Joe,72,76,2026,71.0,11.1,2.5,1.3,42.3,84,37,76,47,87,39,71,52,86,46,89,47,,
Detroit Pistons,Ron Holland II,72,82,2026,78.0,8.2,4.0,1.2,25.3,80,,91,72,81,,88,70,58,52,59,48,,
Detroit Pistons,Duncan Robinson,71,71,2026,77.0,12.2,2.7,2.1,41.0,71,40,48,34,73,44,54,47,87,55,88,57,,
Detroit Pistons,John Collins,71,71,2026,69.0,13.6,5.3,1.0,40.6,63,82,76,84,68,77,75,81,70,27,77,37,,
Detroit Pistons,Daniss Jenkins,70,76,2026,72.0,9.3,2.3,3.9,37.4,68,25,68,40,74,33,71,48,65,72,72,75,,
Detroit Pistons,Taurean Prince,68,68,2026,26.0,9.2,3.1,1.8,43.6,75,48,,,83,45,,,81,48,86,52,,
Detroit Pistons,Javonte Green,66,66,2026,82.0,6.9,2.8,0.7,38.1,82,58,98,70,84,54,92,64,63,29,71,34,,
Detroit Pistons,Gary Harris,64,64,2026,48.0,2.7,1.3,1.1,41.2,77,,83,31,82,,73,38,74,61,80,51,,
Detroit Pistons,Tolu Smith III,61,67,2026,15.0,3.7,3.3,0.9,0.0,65,67,40,69,66,62,36,66,54,40,28,41,,
Detroit Pistons,Chaz Lanier,60,68,2026,34.0,2.4,0.7,0.5,28.4,69,32,58,38,75,29,49,37,71,61,69,47,,
Chicago Bulls,Josh Giddey,80,85,2026,54.0,17.0,8.3,9.1,36.4,64,52,72,,69,56,75,,68,88,73,94,,
Chicago Bulls,Norman Powell,80,80,2026,58.0,21.7,3.5,2.5,38.0,75,38,,46,79,40,,56,80,59,82,61,,
Chicago Bulls,Matas Buzelis,77,85,2026,77.0,16.3,5.8,2.1,34.9,68,,53,85,72,,59,83,81,50,80,56,,
Chicago Bulls,Nicolas Claxton,75,78,2026,69.0,11.7,6.9,3.7,15.8,44,91,58,91,51,89,61,89,,76,,75,,
Chicago Bulls,Tre Jones,74,79,2026,65.0,14.1,3.1,5.4,31.5,75,31,91,41,79,36,88,52,68,83,69,85,,
Chicago Bulls,Jalen Smith,73,78,2026,53.0,10.2,6.7,1.2,37.3,68,87,51,90,71,82,53,88,71,40,75,44,,
Chicago Bulls,Rob Dillingham,72,82,2026,65.0,6.32,2.03,2.21,33.45,61,29,87,48,66,31,77,50,68,78,71,67,,
Chicago Bulls,Zach Collins,70,73,2025,61.0,6.24,4.21,1.59,33.96,69,71,45,78,72,65,49,74,70,56,72,54,,
Chicago Bulls,Isaac Okoro,69,75,2026,63.0,9.3,2.7,1.6,33.0,68,,61,34,73,,63,47,70,45,72,50,,
Chicago Bulls,Patrick Williams,69,75,2026,72.0,7.0,3.0,1.5,34.7,60,54,69,63,65,55,67,62,70,,73,,,
Chicago Bulls,Leonard Miller,66,75,2026,46.0,7.82,3.94,0.89,24.32,60,72,60,85,64,63,55,76,64,40,62,41,,
Chicago Bulls,Noa Essengue,59,72,2026,2.0,0.0,0.0,0.0,0.0,60,63,46,70,52,51,50,56,68,43,60,32,,
Indiana Pacers,Tyrese Haliburton,88,91,2025,73.0,18.6,3.5,9.2,38.8,86,35,69,64,87,47,78,65,,88,,97,71.20410544264442,69.70410544264442
Indiana Pacers,Pascal Siakam,83,83,2026,62.0,24.0,6.6,3.8,35.8,56,46,77,,61,50,79,,76,72,78,74,,
Indiana Pacers,Ivica Zubac,78,78,2026,48.0,14.11,10.6,2.16,0.0,60,,25,90,64,,36,94,47,51,28,56,,
Indiana Pacers,Andrew Nembhard,76,80,2026,57.0,16.9,2.8,7.7,36.1,77,25,67,30,80,29,70,44,74,88,77,92,,
Indiana Pacers,Aaron Nesmith,75,78,2026,45.0,13.8,4.2,1.9,37.9,73,60,47,61,77,61,53,66,78,48,80,53,,
Indiana Pacers,Jarace Walker,75,82,2026,76.0,11.6,5.1,2.5,37.4,65,45,74,85,69,47,72,80,74,64,77,63,,
Indiana Pacers,Kelly Oubre Jr.,73,73,2026,50.0,14.1,5.0,1.6,36.0,68,53,82,70,71,57,85,73,72,35,75,46,,
Indiana Pacers,Obi Toppin,74,77,2025,79.0,10.5,4.0,1.6,36.5,75,59,59,83,76,58,62,75,68,54,73,53,,
Indiana Pacers,T.J. McConnell,72,72,2026,56.0,9.4,2.2,5.1,32.0,69,40,94,47,76,41,87,50,61,83,65,84,,
Indiana Pacers,Jay Huff,71,74,2026,82.0,9.5,4.0,1.5,31.9,74,87,52,79,78,92,54,74,70,48,71,50,,
Indiana Pacers,Ben Sheppard,70,76,2026,65.0,7.1,3.0,1.8,36.2,67,29,67,59,71,31,64,60,74,60,77,57,,
Indiana Pacers,Quenton Jackson,68,71,2026,49.0,9.1,2.3,2.9,35.6,76,,70,47,79,,66,51,75,69,77,68,,
Indiana Pacers,Larry Nance Jr.,65,65,2026,35.0,3.7,2.7,1.0,33.3,63,67,74,86,56,56,68,72,66,46,69,44,,
Indiana Pacers,Johnny Furphy,63,74,2026,35.0,5.1,4.4,1.2,32.4,59,,69,77,55,,65,74,72,55,73,50,,
Atlanta Hawks,Jalen Johnson,85,90,2026,72.0,22.5,10.3,7.9,35.2,71,45,81,95,74,50,82,96,76,96,77,94,,
Atlanta Hawks,Nickeil Alexander-Walker,81,82,2026,78.0,20.8,3.4,3.7,39.9,90,52,84,36,91,56,85,50,79,71,82,73,,
Atlanta Hawks,Dyson Daniels,78,85,2026,76.0,11.9,6.8,5.9,18.8,51,45,,87,55,50,,86,54,78,52,85,,
Atlanta Hawks,C.J. McCollum,77,77,2026,76.0,18.75,3.28,3.87,37.36,69,52,61,39,72,55,66,52,81,77,82,76,,
Atlanta Hawks,Onyeka Okongwu,77,82,2026,74.0,15.2,7.6,3.1,37.6,64,89,79,,68,88,80,,75,66,78,68,,
Atlanta Hawks,Luguentz Dort,74,78,2026,69.0,8.3,3.6,1.2,34.4,68,53,77,54,71,54,76,60,75,32,76,41,,
Atlanta Hawks,Aaron Wiggins,70,74,2026,65.0,9.4,3.1,1.7,35.6,64,61,87,60,68,59,81,61,75,,77,,,
Atlanta Hawks,Buddy Hield,68,68,2026,51.0,7.6,2.31,1.39,35.33,74,37,83,52,78,38,76,53,,56,,52,,
Atlanta Hawks,Jock Landale,68,68,2026,68.0,10.56,5.69,1.7,38.37,50,71,52,83,55,68,54,81,70,,76,,,
Atlanta Hawks,Mouhamed Gueye,69,77,2026,77.0,4.4,3.6,0.9,30.8,53,89,92,92,57,77,82,78,62,43,65,42,,
Atlanta Hawks,Corey Kispert,67,71,2026,58.0,9.2,2.3,1.57,36.74,77,38,40,49,79,40,41,52,79,62,80,56,,
Atlanta Hawks,Devin Carter,66,73,2026,38.0,8.9,3.3,2.7,26.3,63,37,83,60,66,39,79,62,66,72,64,68,,
Atlanta Hawks,Ryan Nembhard,65,73,2026,60.0,6.6,2.2,5.3,35.6,65,,61,25,71,,56,39,64,73,70,81,,
Atlanta Hawks,Asa Newell,62,73,2026,44.0,5.2,2.2,0.6,38.7,,72,72,71,,62,62,61,70,,76,,,
Washington Wizards,Anthony Davis,86,86,2024,76.0,24.7,12.6,3.5,27.1,69,95,,98,74,97,,99,64,57,63,67,,
Washington Wizards,Trae Young,81,82,2025,76.0,24.2,3.1,11.6,34.0,89,25,62,28,90,33,72,42,86,92,83,99,75.10053053252985,78.10053053252985
Washington Wizards,Alex Sarr,78,87,2026,48.0,16.3,7.4,2.7,33.3,58,90,65,90,62,94,67,89,64,62,68,64,,
Washington Wizards,Kyshawn George,76,84,2026,48.0,14.8,5.1,4.5,38.1,74,87,,,77,84,,,73,83,77,81,,
Washington Wizards,Bilal Coulibaly,73,82,2026,56.0,11.7,4.3,2.6,31.9,64,91,95,73,68,88,91,72,68,,70,,,
Washington Wizards,Tre Johnson,73,91,2026,60.0,12.2,2.8,2.0,35.8,88,45,55,43,89,47,58,52,79,60,80,59,,
Washington Wizards,Bub Carrington,73,83,2026,82.0,10.7,3.4,4.6,40.8,64,31,57,48,68,36,59,57,77,85,82,83,,
Washington Wizards,Deandre Ayton,71,74,2026,72.0,12.5,8.0,0.8,0.0,50,86,47,82,55,85,53,87,49,25,28,34,,
Washington Wizards,Khris Middleton,68,68,2026,63.0,10.16,3.62,2.79,35.97,81,31,73,71,84,34,69,68,72,75,75,69,,
Washington Wizards,Cam Whitmore,68,77,2025,51.0,9.4,3.0,1.0,35.5,64,74,82,72,68,63,75,66,69,45,73,44,,
Washington Wizards,Tristan Vukcevic,67,75,2026,49.0,9.0,3.0,1.1,34.7,70,70,31,74,74,71,42,67,75,36,76,41,,
Washington Wizards,Justin Champagnie,67,73,2026,69.0,8.7,5.6,1.2,31.9,71,82,86,93,74,75,81,86,70,,71,,,
Washington Wizards,Will Riley,68,79,2026,74.0,10.3,2.9,2.0,31.6,70,29,76,50,74,31,71,56,69,61,70,59,,
Charlotte Hornets,Brandon Miller,79,86,2026,65.0,20.2,4.9,3.3,38.3,85,,,73,88,,,74,73,,77,,,
Charlotte Hornets,Kon Knueppel,79,88,2026,81.0,18.5,5.3,3.4,42.5,91,35,56,72,90,38,60,75,83,76,87,73,,
Charlotte Hornets,Coby White,76,80,2026,50.0,17.34,3.41,3.99,36.49,77,28,47,55,80,30,51,60,84,75,83,76,,
Charlotte Hornets,Grayson Allen,76,76,2026,51.0,16.5,3.0,3.8,34.9,80,39,94,35,83,44,92,49,76,77,77,76,,
Charlotte Hornets,Naz Reid,76,79,2026,77.0,13.6,6.2,2.2,36.2,64,90,82,90,68,87,80,86,78,58,79,59,,
Charlotte Hornets,Ryan Kalkbrenner,73,80,2026,69.0,7.6,5.5,0.8,0.0,60,88,52,91,64,91,54,84,46,27,28,35,,
Charlotte Hornets,Tre Mann,73,79,2026,53.0,5.5,1.7,1.6,32.3,81,29,77,46,84,31,67,47,70,77,71,63,,
Charlotte Hornets,Moussa Diabate,72,79,2026,73.0,7.9,8.7,1.9,50.0,53,90,72,90,58,87,71,92,43,52,51,55,,
Charlotte Hornets,Royce O'Neale,71,71,2026,78.0,9.8,4.8,2.7,40.8,55,52,84,,61,54,83,,83,63,86,64,,
Charlotte Hornets,Dorian Finney-Smith,70,70,2026,37.0,3.3,2.5,1.0,27.0,72,57,64,69,79,50,58,62,75,45,71,44,,
Charlotte Hornets,Grant Williams,69,73,2026,36.0,7.0,3.9,1.6,38.8,70,73,53,81,75,68,54,74,77,54,80,53,,
Charlotte Hornets,Sion James,67,74,2026,82.0,5.4,3.5,2.0,35.2,76,47,,69,80,45,,67,70,62,73,60,,
Charlotte Hornets,Tidjane Salaun,65,75,2026,37.0,6.0,4.0,0.7,43.4,59,55,57,82,61,49,54,75,71,45,79,40,,
Charlotte Hornets,Pat Connaughton,63,63,2026,42.0,2.6,1.5,0.4,40.4,70,40,67,61,69,33,57,52,62,65,70,51,,
Charlotte Hornets,Liam McNeeley,60,71,2026,31.0,4.3,2.4,0.8,40.0,73,,49,58,77,,44,56,73,57,79,46,,
Orlando Magic,Paolo Banchero,84,90,2026,72.0,22.2,8.4,5.2,30.5,69,60,45,,72,63,54,,,81,,83,,
Orlando Magic,Franz Wagner,82,86,2026,34.0,20.6,5.2,3.3,34.5,80,,76,80,82,,75,78,75,73,76,72,,
Orlando Magic,Desmond Bane,79,81,2026,82.0,20.1,4.1,4.1,39.1,91,52,68,48,92,56,72,60,79,74,82,76,,
Orlando Magic,Jalen Suggs,76,81,2026,57.0,13.8,3.9,5.5,33.9,81,,,58,84,,,64,74,82,75,85,,
Orlando Magic,Nikola Vucevic,74,74,2026,64.0,15.1,8.4,3.35,36.7,79,,51,87,81,,56,90,74,73,77,72,,
Orlando Magic,Wendell Carter Jr.,72,76,2026,78.0,11.8,7.4,2.0,31.9,75,,60,84,77,,64,87,69,49,70,55,,
Orlando Magic,Anthony Black,73,82,2026,64.0,15.0,3.8,3.7,33.3,64,70,92,49,68,71,90,59,72,76,73,75,,
Orlando Magic,Tristan Da Silva,70,76,2026,77.0,9.9,3.7,1.6,37.4,78,45,81,65,83,47,78,66,75,45,78,50,,
Orlando Magic,Goga Bitadze,70,74,2026,64.0,5.9,5.0,1.3,18.2,52,91,75,91,59,88,69,83,,51,,49,,
Orlando Magic,Jonathan Isaac,66,66,2026,52.0,2.6,2.5,0.4,18.4,54,88,82,74,57,79,70,64,56,,51,,,
Orlando Magic,Jevon Carter,65,65,2026,53.0,6.42,1.67,1.65,36.81,72,40,86,33,73,41,78,41,68,70,73,60,,
Orlando Magic,Noah Penda,65,75,2026,59.0,3.8,3.2,1.2,32.3,65,61,79,79,67,56,68,70,70,60,71,51,,
Orlando Magic,Jamal Cain,63,68,2026,40.0,5.4,1.9,0.7,38.4,70,61,65,58,76,49,56,54,64,58,72,45,,
Orlando Magic,Jase Richardson,63,74,2026,54.0,4.4,1.2,1.1,35.4,63,29,59,39,66,27,55,41,68,66,72,53,,
Miami Heat,Giannis Antetokounmpo,95,95,2026,36.0,27.6,9.8,5.4,33.3,53,76,76,97,58,74,75,96,71,89,73,87,,
Miami Heat,Bam Adebayo,84,84,2026,73.0,20.1,10.0,3.2,31.8,69,61,81,85,73,66,82,91,69,62,70,67,,
Miami Heat,Andrew Wiggins,76,76,2026,68.0,15.4,4.8,2.7,41.4,70,89,,73,74,87,,74,79,60,83,63,,
Miami Heat,Davion Mitchell,72,75,2026,70.0,9.3,2.7,6.5,39.5,52,30,,31,57,35,,45,70,87,76,89,,
Miami Heat,Nikola Jovic,72,80,2026,47.0,7.3,3.3,2.2,26.9,77,70,71,81,74,64,66,71,67,75,65,66,,
Miami Heat,Tim Hardaway Jr.,71,71,2026,80.0,13.5,2.6,1.4,40.7,,27,44,33,,30,49,46,85,33,87,43,,
Miami Heat,Bobby Portis,70,70,2026,67.0,13.7,6.4,1.6,45.6,61,33,55,94,65,37,58,88,84,48,89,51,,
Miami Heat,Pelle Larsson,71,77,2026,70.0,11.4,3.5,3.4,32.3,73,32,61,54,76,36,63,60,69,77,71,74,,
Miami Heat,Simone Fontecchio,70,70,2026,70.0,8.5,3.0,1.4,37.5,79,,75,78,82,,66,69,74,58,78,53,,
Miami Heat,Dru Smith,68,71,2026,70.0,5.6,2.5,2.6,29.5,84,57,98,65,85,53,94,60,,83,,71,,
Miami Heat,Myron Gardner,61,68,2026,45.0,3.6,2.7,1.0,40.6,72,63,79,70,73,54,67,63,67,63,75,51,,
Oklahoma City Thunder,Shai Gilgeous-Alexander,97,98,2026,68.0,31.1,4.3,6.6,38.6,,72,,52,,74,,63,82,,83,,,
Oklahoma City Thunder,Jalen Williams,83,87,2026,33.0,17.1,4.6,5.5,29.9,79,,87,,82,,86,,72,90,71,88,,
Oklahoma City Thunder,Chet Holmgren,82,91,2026,69.0,17.1,8.9,1.7,36.2,72,97,46,96,75,98,53,95,76,40,78,49,,
Oklahoma City Thunder,Ajay Mitchell,78,84,2026,57.0,13.6,3.3,3.6,34.7,82,44,95,53,85,46,90,59,74,79,76,76,,
Oklahoma City Thunder,Isaiah Hartenstein,77,79,2026,47.0,9.2,9.4,3.5,0.0,43,91,82,88,50,84,80,92,43,77,28,74,,
Oklahoma City Thunder,Alex Caruso,76,76,2026,56.0,6.2,2.8,2.0,29.3,68,59,98,63,73,54,93,61,71,70,69,63,,
Oklahoma City Thunder,Cason Wallace,75,83,2026,77.0,8.6,3.1,2.6,35.1,68,52,99,44,73,54,98,54,72,65,75,64,,
Oklahoma City Thunder,Jaylin Williams,73,80,2026,65.0,7.2,5.5,2.4,38.3,68,89,59,94,73,79,57,86,81,75,83,67,,
Oklahoma City Thunder,Jared McCain,71,80,2026,67.0,8.3,2.04,1.34,38.38,,28,60,42,,30,58,47,82,63,83,54,,
Oklahoma City Thunder,Kenrich Williams,68,68,2026,56.0,6.5,3.3,1.4,38.8,61,39,73,81,62,37,68,71,73,59,78,53,,
Oklahoma City Thunder,Nikola Topic,65,75,2026,10.0,5.2,1.9,4.4,40.0,64,49,63,46,56,38,60,48,62,71,70,76,,
Denver Nuggets,Nikola Jokic,96,96,2026,65.0,27.7,12.9,10.7,38.0,78,71,85,,81,73,87,,81,,82,,,
Denver Nuggets,Jamal Murray,84,84,2026,75.0,25.4,4.4,7.1,43.5,89,38,58,48,90,46,65,61,89,85,91,90,,
Denver Nuggets,Aaron Gordon,76,76,2026,36.0,16.2,5.8,2.7,38.9,66,,51,87,70,,56,84,73,61,78,63,,
Denver Nuggets,Cameron Johnson,74,74,2026,54.0,12.2,3.8,2.4,43.0,80,47,53,50,82,51,59,60,77,59,83,61,,
Denver Nuggets,Christian Braun,72,78,2026,44.0,12.0,4.8,2.7,30.1,70,41,57,67,73,45,61,71,66,62,67,64,,
Denver Nuggets,Marvin Bagley III,69,73,2026,60.0,10.43,6.1,1.43,44.45,53,90,,95,58,82,,88,67,,75,,,
Denver Nuggets,Julian Strawther,67,74,2026,57.0,7.2,2.0,1.1,38.7,73,38,65,49,77,36,58,50,72,55,77,49,,
Denver Nuggets,Spencer Jones,66,72,2026,64.0,5.5,3.3,0.8,39.6,56,70,81,66,58,66,76,65,74,29,79,35,,
Denver Nuggets,Zeke Nnaji,66,72,2026,52.0,3.7,2.6,0.6,25.9,64,83,60,82,69,73,53,68,63,,62,,,
Denver Nuggets,Tyus Jones,63,63,2026,67.0,2.98,1.13,2.37,29.74,64,27,80,26,69,29,71,35,66,80,67,69,,
Denver Nuggets,DaRon Holmes II,60,68,2026,25.0,3.7,1.4,0.6,44.4,38,76,48,76,46,64,38,62,29,34,37,35,,
Minnesota Timberwolves,Anthony Edwards,90,94,2026,61.0,28.8,5.0,3.7,39.9,72,70,85,61,75,73,87,69,86,68,87,72,,
Minnesota Timberwolves,LaMelo Ball,82,86,2026,72.0,20.1,4.8,7.1,36.8,84,31,89,76,87,36,87,75,,86,,90,,
Minnesota Timberwolves,Rudy Gobert,79,79,2026,76.0,10.9,11.5,1.7,0.0,31,,58,,38,,63,,43,37,28,47,,
Minnesota Timberwolves,Jaden McDaniels,78,82,2026,73.0,14.8,4.2,2.7,41.2,78,88,78,54,81,86,79,63,70,59,77,63,,
Minnesota Timberwolves,Ayo Dosunmu,73,78,2026,69.0,14.79,3.42,3.57,43.81,89,39,74,50,90,42,73,58,79,78,85,75,,
Minnesota Timberwolves,Donte DiVincenzo,72,72,2026,82.0,12.2,4.1,3.8,37.9,59,46,89,56,65,50,88,64,73,,77,,,
Minnesota Timberwolves,Jaylen Clark,67,73,2026,68.0,4.0,1.8,0.6,32.7,62,,89,60,64,,78,54,,43,,39,,
Minnesota Timberwolves,Josh Green,67,73,2026,58.0,4.3,1.8,0.8,42.0,69,30,82,41,77,32,73,45,77,,83,,,
Minnesota Timberwolves,Nah'Shon Hyland,67,72,2026,71.0,8.5,1.8,2.6,38.8,77,39,76,34,78,40,69,42,58,78,66,69,,
Minnesota Timberwolves,Terrence Shannon Jr.,67,72,2026,43.0,5.6,1.1,0.9,40.8,72,33,68,,76,29,57,,71,57,78,47,,
Minnesota Timberwolves,Joan Beringer,61,74,2026,40.0,3.9,2.3,0.3,0.0,50,76,62,82,57,74,51,68,,27,,29,,
Minnesota Timberwolves,Trey Lyles,59,59,2025,69.0,6.5,4.6,1.2,34.0,67,,47,62,68,,53,68,73,61,74,52,,
Utah Jazz,Lauri Markkanen,83,83,2026,42.0,26.7,6.9,2.1,35.5,89,55,69,,90,58,73,,85,48,83,55,,
Utah Jazz,Jaren Jackson Jr.,82,84,2026,48.0,19.39,5.71,1.95,35.74,70,86,77,,74,89,78,,78,47,79,53,,
Utah Jazz,Keyonte George,80,87,2026,54.0,23.6,3.7,6.1,37.1,90,32,70,42,91,40,75,56,,80,,86,,
Utah Jazz,Isaiah Collier,74,83,2026,59.0,11.7,2.5,7.2,27.0,63,42,87,31,67,45,84,45,,90,,92,,
Utah Jazz,Brice Sensabaugh,72,81,2026,75.0,14.9,3.1,1.9,36.7,79,36,75,52,81,39,71,57,77,,79,,,
Utah Jazz,Ace Bailey,72,93,2026,72.0,13.8,4.2,1.8,34.4,65,74,68,65,69,73,69,68,73,48,75,52,,
Utah Jazz,Kyle Filipowski,72,81,2026,77.0,11.4,7.2,2.6,32.5,63,68,82,,68,65,78,,68,69,70,66,,
Utah Jazz,Jusuf Nurkic,71,71,2026,41.0,10.9,10.4,4.8,35.2,40,,89,87,45,,88,92,59,84,66,83,,
Utah Jazz,Jaxson Hayes,69,74,2026,66.0,7.5,4.1,0.9,100.0,50,89,45,89,56,83,47,78,45,31,53,37,,
Utah Jazz,Sviatoslav Mykhailiuk,68,68,2026,50.0,9.4,2.5,1.9,40.8,78,32,62,51,83,33,59,54,66,65,74,60,,
Utah Jazz,Cody Williams,69,79,2026,67.0,8.8,3.0,2.0,21.4,61,,78,50,65,,74,56,59,,57,,,
Utah Jazz,John Konchar,68,68,2026,56.0,4.45,4.31,2.09,29.45,67,82,96,81,68,77,93,76,70,65,69,61,,
Utah Jazz,Josh Okogie,67,70,2026,78.0,4.5,2.6,0.9,38.5,58,45,92,62,59,44,82,59,76,33,80,38,,
Utah Jazz,Mohamed Bamba,59,63,2026,4.0,2.5,5.5,0.25,0.0,58,72,38,72,50,73,32,76,61,34,30,31,,
Portland Trail Blazers,Damian Lillard,84,84,2025,58.0,24.9,4.7,7.1,37.6,93,26,63,63,94,33,72,69,,86,,90,,
Portland Trail Blazers,Deni Avdija,83,87,2026,66.0,24.2,6.9,6.7,31.8,80,56,58,84,81,61,63,85,,,,,,
Portland Trail Blazers,Ja Morant,81,83,2025,50.0,23.2,4.1,7.3,30.9,,45,66,41,,44,74,55,68,89,69,92,,
Portland Trail Blazers,Jrue Holiday,78,78,2026,53.0,16.3,4.6,6.1,37.8,76,27,82,68,80,30,80,71,81,94,82,91,,
Portland Trail Blazers,Shaedon Sharpe,78,85,2026,50.0,20.8,4.3,2.6,33.7,72,27,92,63,75,30,90,67,,61,,63,,
Portland Trail Blazers,Donovan Clingan,77,85,2026,77.0,12.1,11.6,2.1,34.1,52,,45,,58,,52,,57,52,35,56,,
Portland Trail Blazers,Toumani Camara,74,79,2026,82.0,13.4,5.1,2.5,37.0,60,46,77,70,64,50,79,74,77,53,79,59,,
Portland Trail Blazers,Robert Williams III,71,71,2026,59.0,6.7,7.0,1.0,39.1,44,96,71,95,50,95,66,91,46,39,54,41,,
Portland Trail Blazers,Scoot Henderson,72,81,2026,30.0,14.2,2.7,3.7,35.2,76,41,65,38,80,45,69,49,76,73,77,74,,
Portland Trail Blazers,Vit Krejci,69,74,2026,65.0,8.47,2.28,1.56,38.79,67,,78,38,70,,73,47,82,54,84,53,,
Portland Trail Blazers,Jeremy Sochan,67,75,2026,44.0,3.63,2.42,0.93,23.63,57,66,79,78,63,54,67,65,61,61,59,49,,
Portland Trail Blazers,Sidy Cissoko,66,75,2026,75.0,5.1,2.2,1.5,29.8,57,53,80,44,60,51,73,49,,55,,53,,
Portland Trail Blazers,Micah Potter,62,66,2026,47.0,9.7,5.0,1.5,42.3,67,71,51,72,74,61,53,74,75,34,82,45,,
Portland Trail Blazers,Branden Carlson,61,66,2026,42.0,5.8,3.0,0.7,36.0,67,71,,68,64,69,,64,73,26,76,33,,
Portland Trail Blazers,Yang Hansen,60,71,2026,43.0,2.2,1.5,0.5,11.9,55,78,42,78,63,66,37,64,,61,,47,,
Houston Rockets,Kevin Durant,87,87,2026,78.0,26.0,5.5,4.8,41.3,,74,49,66,,77,58,73,87,78,89,81,,
Houston Rockets,Alperen Sengun,86,91,2026,72.0,20.4,8.9,6.2,30.5,58,89,80,89,62,88,82,92,66,91,67,90,,
Houston Rockets,Amen Thompson,81,89,2026,79.0,18.3,7.8,5.3,21.6,68,54,86,88,72,60,88,89,57,80,56,83,,
Houston Rockets,Fred VanVleet,78,78,2025,60.0,14.1,3.7,5.6,34.5,79,43,,44,83,49,,56,60,88,66,87,,
Houston Rockets,Tari Eason,75,80,2026,60.0,10.4,6.3,1.5,35.8,64,,93,92,69,,89,87,72,43,75,48,,
Houston Rockets,Jabari Smith Jr.,74,82,2026,77.0,15.8,6.9,1.9,36.3,73,74,45,85,75,77,54,86,74,38,77,50,,
Houston Rockets,Reed Sheppard,73,82,2026,82.0,13.5,2.9,3.4,39.4,74,74,96,39,77,73,94,51,77,77,81,74,,
Houston Rockets,Marcus Smart,69,69,2026,62.0,9.3,2.8,3.0,33.1,74,48,95,33,78,52,92,47,70,65,72,67,,
Houston Rockets,Steven Adams,69,69,2026,32.0,5.8,8.6,1.5,0.0,39,76,,89,46,72,,91,31,47,28,49,,
Houston Rockets,Bogdan Bogdanovic,68,68,2025,54.0,10.78,2.97,2.67,37.1,79,31,55,54,83,39,62,58,78,63,80,64,,
Houston Rockets,Clint Capela,66,66,2026,75.0,3.8,4.6,0.7,50.0,48,92,72,92,51,85,65,82,29,,30,,,
Houston Rockets,Jae'Sean Tate,60,60,2026,46.0,2.8,1.6,0.5,31.3,59,52,61,64,61,44,51,54,57,51,62,40,,
Houston Rockets,Isaiah Crawford,59,67,2026,14.0,2.0,1.1,0.4,23.1,65,53,63,67,72,48,51,53,64,53,61,40,,
Memphis Grizzlies,Ty Jerome,76,76,2025,70.0,12.5,2.5,3.4,43.9,83,34,78,38,86,30,79,48,70,96,78,82,,
Memphis Grizzlies,Cedric Coward,75,82,2026,62.0,13.6,5.9,2.8,33.8,79,53,53,91,82,54,57,86,75,70,76,68,,
Memphis Grizzlies,Jerami Grant,75,75,2026,57.0,18.6,3.5,2.1,38.9,76,,53,45,79,,59,56,80,52,82,56,,
Memphis Grizzlies,Isaiah Stewart,74,80,2026,58.0,10.0,5.0,1.1,33.3,73,91,30,86,74,93,36,80,66,36,69,41,,
Memphis Grizzlies,Cam Spencer,73,78,2026,72.0,11.1,2.5,5.6,44.9,94,36,68,36,95,39,67,47,82,96,87,90,,
Memphis Grizzlies,D'Angelo Russell,71,71,2026,26.0,10.2,2.3,4.0,29.5,62,25,62,33,66,29,59,45,76,81,73,79,,
Memphis Grizzlies,Quinten Post,70,75,2026,67.0,7.7,4.0,1.4,33.6,71,81,52,81,74,72,51,74,74,55,75,52,,
Memphis Grizzlies,Zach Edey,71,78,2025,66.0,9.2,8.3,1.0,34.6,61,87,34,,65,89,44,,28,27,36,37,,
Memphis Grizzlies,G.G. Jackson,69,79,2026,55.0,12.5,4.3,1.5,33.2,64,88,65,84,68,83,63,77,70,,72,,,
Memphis Grizzlies,Jaylen Wells,69,77,2026,69.0,12.5,3.2,1.6,35.3,66,27,78,47,71,30,76,56,74,46,76,50,,
Memphis Grizzlies,Kris Murray,69,74,2026,57.0,5.8,3.6,1.4,27.9,63,60,83,69,65,58,79,67,,46,,48,,
Memphis Grizzlies,Scotty Pippen Jr.,69,75,2025,79.0,9.9,3.3,4.4,39.7,,33,78,27,,43,82,41,67,75,74,78,,
Memphis Grizzlies,Taylor Hendricks,68,77,2026,59.0,7.41,3.75,0.92,34.26,59,71,87,83,63,66,80,74,66,36,70,39,,
Memphis Grizzlies,Walter Clayton Jr.,67,75,2026,69.0,7.81,2.03,4.07,30.77,86,,73,33,89,,68,43,,83,,80,,
Memphis Grizzlies,Olivier-Maxence Prosper,66,73,2026,53.0,10.0,3.5,1.0,40.5,68,64,68,61,71,54,69,63,67,54,75,47,,
Memphis Grizzlies,AJ Johnson,61,72,2026,48.0,3.33,1.1,1.0,22.06,70,,63,44,75,,53,42,62,74,59,60,,
Memphis Grizzlies,Taj Gibson,59,59,2025,37.0,2.9,3.2,0.6,50.0,57,,,70,58,,,66,65,55,73,43,,
San Antonio Spurs,Victor Wembanyama,94,99,2026,64.0,25.0,11.5,3.1,34.9,75,,,,79,,,,,68,,69,,
San Antonio Spurs,De'Aaron Fox,83,84,2026,72.0,18.6,3.8,6.2,33.2,68,38,,45,71,43,,57,,92,,91,,
San Antonio Spurs,Stephon Castle,81,90,2026,68.0,16.7,5.3,7.4,33.2,63,39,,,67,44,,,71,96,73,95,,
San Antonio Spurs,Devin Vassell,77,82,2026,67.0,13.9,4.0,2.5,38.4,72,47,61,53,76,51,67,62,80,59,82,61,,
San Antonio Spurs,Dylan Harper,78,92,2026,69.0,11.8,3.4,3.9,34.3,67,38,,58,70,43,,61,75,75,76,76,,
San Antonio Spurs,Julian Champagnie,75,80,2026,82.0,11.1,5.8,1.5,38.1,84,52,67,88,85,56,68,84,91,39,89,46,,
San Antonio Spurs,Keldon Johnson,75,78,2026,82.0,13.2,5.4,1.4,36.3,,28,66,91,,30,64,84,75,45,77,48,,
San Antonio Spurs,Tobias Harris,75,75,2026,63.0,13.3,5.1,2.5,36.8,84,52,,80,86,54,,78,74,,77,,,
San Antonio Spurs,Harrison Barnes,71,71,2026,77.0,9.9,2.8,1.9,38.8,74,33,53,39,78,37,57,50,81,53,83,55,,
San Antonio Spurs,Luke Kornet,71,71,2026,68.0,6.5,6.1,1.9,0.0,73,93,42,93,77,89,48,87,42,58,28,57,,
San Antonio Spurs,Carter Bryant,66,77,2026,71.0,4.2,2.5,0.7,33.5,70,63,48,67,71,57,44,61,72,40,73,39,,
San Antonio Spurs,Jordan McLaughlin,63,63,2026,44.0,2.0,0.7,0.9,42.5,70,,54,25,77,,55,31,63,74,71,60,,
Dallas Mavericks,Kyrie Irving,84,84,2025,50.0,24.7,4.8,4.6,40.1,91,25,63,33,92,37,74,47,,85,,83,,
Dallas Mavericks,Cooper Flagg,80,98,2026,70.0,21.0,6.7,4.5,29.5,76,75,79,84,79,77,81,85,69,78,68,80,,
Dallas Mavericks,P.J. Washington,74,77,2026,56.0,14.2,7.0,1.8,32.5,,90,75,91,,88,76,89,70,43,71,51,,
Dallas Mavericks,Santi Aldama,74,80,2026,43.0,14.0,6.7,2.9,35.0,57,73,,91,61,72,,88,72,,74,,,
Dallas Mavericks,Max Christie,74,82,2026,77.0,12.3,3.2,2.0,40.4,90,40,42,42,91,47,51,53,82,52,85,56,,
Dallas Mavericks,Zaccharie Risacher,74,84,2026,67.0,9.6,3.8,1.1,36.8,54,70,86,76,58,66,81,71,73,33,76,40,,
Dallas Mavericks,Daniel Gafford,72,75,2026,55.0,9.5,6.9,1.1,0.0,50,95,77,95,57,93,74,90,47,30,28,39,,
Dallas Mavericks,Naji Marshall,72,72,2026,74.0,15.2,4.7,3.3,29.1,65,27,,71,69,30,,73,69,,68,,,
Dallas Mavericks,Klay Thompson,68,68,2026,69.0,11.7,2.1,1.4,38.3,64,47,52,32,69,48,54,43,84,47,85,48,,
Dallas Mavericks,Marcus Sasser,69,74,2026,38.0,5.2,1.0,2.0,41.5,75,28,84,27,79,30,72,34,78,77,83,65,,
Dallas Mavericks,Caleb Martin,65,65,2026,58.0,3.9,2.5,1.4,35.1,53,64,87,73,56,57,77,64,68,60,72,53,,
Dallas Mavericks,Dereck Lively II,65,74,2025,36.0,8.7,7.5,2.4,0.0,25,84,34,86,33,89,46,88,,25,,39,,
Dallas Mavericks,Moussa Cisse,61,69,2026,38.0,4.5,5.7,0.2,0.0,48,78,40,76,47,83,47,78,,33,,30,,
New Orleans Pelicans,Zion Williamson,82,85,2026,62.0,21.0,5.7,3.2,25.0,60,59,,83,64,60,,81,54,,56,,,
New Orleans Pelicans,Trey Murphy III,80,83,2026,66.0,21.5,5.7,3.8,37.9,89,50,78,72,90,53,84,77,,,,,,
New Orleans Pelicans,Dejounte Murray,78,78,2025,31.0,17.5,6.5,7.4,29.9,79,37,93,68,81,46,95,77,63,85,65,90,,
New Orleans Pelicans,Herb Jones,76,78,2026,56.0,8.9,3.4,2.8,30.9,67,70,96,70,73,66,94,67,57,75,62,69,,
New Orleans Pelicans,Saddiq Bey,74,78,2026,72.0,17.7,5.6,2.5,36.7,77,27,67,,80,30,70,,79,58,80,61,,
New Orleans Pelicans,Derik Queen,74,84,2026,81.0,11.7,7.1,3.7,26.1,73,90,85,90,76,86,82,89,55,81,57,77,,
New Orleans Pelicans,Jeremiah Fears,73,90,2026,82.0,14.3,3.7,3.4,33.0,69,53,93,60,73,54,89,64,73,,74,,,
New Orleans Pelicans,Jordan Poole,70,74,2026,39.0,13.4,2.0,3.1,33.3,81,53,59,29,84,54,60,41,82,76,80,72,,
New Orleans Pelicans,Yves Missi,68,77,2026,66.0,5.7,5.8,1.3,0.0,38,96,35,94,44,95,39,87,39,44,28,46,,
New Orleans Pelicans,Karlo Matkovic,67,73,2026,62.0,5.7,3.7,0.8,42.2,65,93,55,90,68,87,53,77,71,,79,,,
New Orleans Pelicans,Micah Peavy,66,72,2026,61.0,4.3,1.9,1.0,25.9,67,31,89,52,71,32,78,51,64,51,63,46,,
New Orleans Pelicans,Bryce McGowens,65,73,2026,42.0,8.1,2.1,1.5,40.9,74,34,67,40,76,38,64,47,72,58,79,54,,
New Orleans Pelicans,Jordan Hawkins,65,72,2026,51.0,5.1,1.7,0.8,34.8,69,,50,45,76,,47,46,74,43,76,41,,
New Orleans Pelicans,DeAndre Jordan,59,59,2025,56.0,3.7,5.1,0.9,0.0,33,76,29,78,41,67,38,77,,28,,36,,
Los Angeles Lakers,Luka Doncic,93,95,2026,64.0,33.5,7.7,8.3,36.6,70,51,91,,73,56,92,,92,89,89,95,,
Los Angeles Lakers,Austin Reaves,79,81,2026,51.0,23.3,4.7,5.5,36.0,83,44,75,57,85,49,78,66,83,84,82,86,,
Los Angeles Lakers,Walker Kessler,76,81,2025,58.0,11.1,12.2,1.7,0.0,51,95,74,95,52,97,68,97,,,,,,
Los Angeles Lakers,Collin Sexton,74,78,2026,68.0,15.46,2.28,3.24,39.95,80,30,92,32,83,34,87,44,74,79,79,74,,
Los Angeles Lakers,Sandro Mamukelashvili,71,75,2026,80.0,11.2,4.9,1.9,38.9,65,70,80,82,69,66,76,78,76,60,80,58,,
Los Angeles Lakers,Quentin Grimes,70,75,2026,75.0,13.4,3.6,3.3,33.4,74,46,69,49,78,50,71,58,73,,74,,,
Los Angeles Lakers,Ziaire Williams,71,77,2026,56.0,10.2,2.4,1.1,34.3,78,60,96,38,82,58,93,47,72,33,74,40,,
Los Angeles Lakers,Matisse Thybulle,68,68,2026,30.0,5.8,2.0,0.9,39.8,63,83,99,54,71,73,98,52,66,53,74,46,,
Los Angeles Lakers,Jaden Hardy,67,74,2026,57.0,9.2,1.52,1.06,39.08,65,,48,31,68,,46,39,78,55,81,48,,
Los Angeles Lakers,Jake LaRavia,67,74,2026,82.0,8.2,4.0,1.8,32.1,70,67,93,70,73,65,90,69,69,50,70,53,,
Los Angeles Lakers,Jarred Vanderbilt,66,70,2026,65.0,4.4,4.5,1.3,29.3,47,63,91,91,51,57,82,81,61,49,63,48,,
Los Angeles Lakers,Kevon Looney,63,63,2025,76.0,4.5,6.1,1.6,40.0,48,80,45,81,51,72,52,82,27,41,35,48,,
Los Angeles Lakers,Dalton Knecht,62,69,2026,54.0,4.2,1.4,0.4,34.2,72,50,52,50,73,46,46,47,75,43,76,36,,
Los Angeles Lakers,Adou Thiero,59,69,2026,25.0,1.9,1.1,0.4,33.3,55,48,54,52,58,41,50,46,52,57,60,43,,
Los Angeles Lakers,Bronny James,59,69,2026,42.0,2.9,0.5,1.2,38.6,64,32,71,32,72,33,64,33,59,71,67,57,,
Golden State Warriors,Stephen Curry,90,90,2026,43.0,26.6,3.6,4.7,39.3,99,39,79,43,98,47,80,56,96,89,93,85,,
Golden State Warriors,Jimmy Butler,82,82,2026,38.0,20.0,5.6,4.9,37.6,86,,,75,87,,,78,69,,74,,,
Golden State Warriors,Kristaps Porzingis,79,79,2026,32.0,16.63,5.19,2.51,33.7,73,83,50,83,78,86,54,80,83,57,81,61,,
Golden State Warriors,Draymond Green,73,73,2026,68.0,8.4,5.5,5.5,32.6,56,69,76,85,61,68,75,82,68,93,70,89,,
Golden State Warriors,Brandin Podziemski,73,81,2026,82.0,13.8,5.1,3.7,37.1,71,31,83,79,75,36,82,78,76,78,79,76,,
Golden State Warriors,De'Anthony Melton,71,75,2026,49.0,12.3,3.2,2.6,29.4,72,,97,56,77,,95,60,73,72,71,67,,
Golden State Warriors,Moses Moody,72,79,2026,60.0,12.1,3.3,1.6,40.1,72,71,84,51,74,69,81,58,80,46,83,50,,
Golden State Warriors,Al Horford,68,68,2026,45.0,8.3,4.9,2.6,36.1,82,,68,87,84,,67,81,71,69,75,66,,
Golden State Warriors,Gui Santos,69,76,2026,68.0,9.2,3.9,2.3,35.1,62,53,89,82,66,51,82,74,70,71,73,65,,
Golden State Warriors,Gary Payton II,66,66,2026,73.0,7.5,3.6,1.7,29.1,54,63,96,86,58,57,86,75,60,69,62,60,,
Golden State Warriors,Will Richard,67,75,2026,69.0,6.4,2.5,1.3,33.5,80,28,96,48,83,30,91,52,73,52,74,49,,
Golden State Warriors,Charles Bassey,61,68,2025,36.0,4.4,4.2,0.5,0.0,58,74,46,75,60,75,48,72,,31,,33,,
Los Angeles Clippers,Brandon Ingram,83,83,2026,77.0,21.5,5.6,3.7,38.2,77,68,63,73,80,70,66,77,76,69,79,72,,
Los Angeles Clippers,Darius Garland,80,83,2026,45.0,18.8,2.36,6.69,39.29,81,29,72,28,84,34,74,42,82,86,84,90,,
Los Angeles Clippers,Derrick Jones Jr.,70,70,2026,50.0,10.1,3.5,1.4,35.9,64,90,76,50,69,87,75,58,66,35,71,44,,
Los Angeles Clippers,Jordan Miller,70,75,2026,60.0,10.0,3.0,2.3,34.5,68,37,79,58,72,39,75,60,70,67,73,63,,
Los Angeles Clippers,Rui Hachimura,70,73,2026,68.0,11.5,3.3,0.8,44.3,63,40,42,44,66,44,51,55,79,26,85,34,,
Los Angeles Clippers,Kris Dunn,68,68,2026,82.0,7.3,3.3,3.6,37.4,69,31,95,46,72,36,94,56,67,70,73,72,,
Los Angeles Clippers,Brook Lopez,67,67,2026,75.0,8.5,3.6,1.3,36.0,70,86,64,72,72,87,63,69,74,44,76,46,,
Los Angeles Clippers,Gradey Dick,68,77,2026,76.0,6.0,1.9,0.7,30.1,76,32,85,57,81,33,74,53,72,,71,,,
Los Angeles Clippers,Isaiah Jackson,67,74,2026,55.0,6.74,5.29,0.92,0.0,55,88,75,88,59,85,70,82,30,33,28,38,,
Los Angeles Clippers,Cameron Christie,66,76,2026,55.0,2.8,1.4,0.6,24.5,74,32,60,50,75,33,53,47,61,47,60,40,,
Los Angeles Clippers,Kobe Sanders,65,72,2026,68.0,7.3,2.2,1.6,40.8,72,46,62,40,77,40,64,47,73,62,79,56,,
Los Angeles Clippers,Yanic Konan Niederhauser,60,69,2026,41.0,4.3,2.9,0.3,20.0,40,81,26,81,48,77,28,69,,25,,28,,
Los Angeles Clippers,Johni Broome,59,67,2026,11.0,0.9,1.5,0.4,0.0,45,74,61,75,40,62,53,61,,40,,35,,
Sacramento Kings,Domantas Sabonis,80,80,2025,70.0,19.1,13.9,6.0,41.7,66,51,61,92,70,53,63,96,56,81,64,86,,
Sacramento Kings,Zach LaVine,77,77,2026,39.0,19.2,2.8,2.3,39.0,86,37,53,31,88,42,59,45,83,54,84,58,,
Sacramento Kings,De'Andre Hunter,74,77,2026,45.0,13.71,4.08,2.03,30.42,83,31,61,,85,32,62,,74,55,72,57,,
Sacramento Kings,Keegan Murray,73,78,2025,76.0,12.4,6.7,1.4,34.3,78,91,65,76,81,86,67,81,70,46,73,48,,
Sacramento Kings,Malik Monk,71,74,2026,62.0,12.5,1.9,3.0,39.5,87,59,,30,88,58,,41,76,78,80,72,,
Sacramento Kings,Maxime Raynaud,72,80,2026,74.0,12.5,7.5,1.4,32.4,67,,43,,72,,49,,63,32,67,43,,
Sacramento Kings,Precious Achiuwa,70,74,2026,73.0,10.1,6.7,1.4,27.8,42,83,83,94,46,78,79,89,60,39,61,45,,
Sacramento Kings,Nique Clifford,67,74,2026,75.0,8.6,3.8,2.4,33.3,57,45,81,66,63,47,78,67,67,63,70,62,,
Sacramento Kings,Daeqwon Plowden,63,67,2026,32.0,10.8,3.0,1.3,33.3,70,48,64,54,77,45,65,58,72,57,73,51,,
Sacramento Kings,Dylan Cardwell,61,69,2026,44.0,5.4,7.5,1.4,50.0,52,64,42,74,51,76,53,82,34,41,42,46,,
Phoenix Suns,Devin Booker,89,89,2026,64.0,26.1,3.9,6.0,33.0,86,37,54,44,88,42,61,57,84,90,81,89,,
Phoenix Suns,Dillon Brooks,79,79,2026,56.0,20.2,3.6,1.8,34.4,84,38,73,55,85,40,75,61,76,52,77,54,,
Phoenix Suns,Miles Bridges,77,79,2026,77.0,17.1,5.8,3.2,33.3,75,46,44,82,78,50,52,81,72,67,73,69,,
Phoenix Suns,Jalen Green,77,83,2026,32.0,17.8,3.6,2.8,31.3,71,38,84,56,73,40,83,61,75,69,74,67,,
Phoenix Suns,Mark Williams,76,82,2026,60.0,11.7,8.0,1.0,100.0,62,91,79,,68,86,77,,47,26,55,37,,
Phoenix Suns,Collin Gillespie,75,78,2026,80.0,12.7,4.1,4.6,40.1,85,31,92,59,87,36,88,65,85,85,86,83,,
Phoenix Suns,Jordan Goodwin,71,74,2026,70.0,8.7,4.9,2.2,37.1,67,37,98,89,68,39,95,81,76,65,79,62,,
Phoenix Suns,Ryan Dunn,71,78,2026,70.0,5.8,4.2,1.5,33.1,45,68,91,88,46,63,83,78,70,53,72,52,,
Phoenix Suns,Luke Kennard,70,70,2026,78.0,8.35,2.36,2.22,47.69,81,27,67,41,86,30,66,49,87,66,91,62,,
Phoenix Suns,Oso Ighodaro,69,77,2026,82.0,6.5,5.1,2.3,0.0,34,88,86,92,37,81,81,84,50,67,28,63,,
Phoenix Suns,Haywood Highsmith,67,67,2025,74.0,6.5,3.4,1.5,38.2,,73,66,72,,62,70,68,60,58,68,54,,
Phoenix Suns,Rasheer Fleming,63,73,2026,55.0,4.3,2.3,0.3,34.6,53,79,68,70,54,69,60,61,64,37,69,33,,
Phoenix Suns,Khaman Maluach,61,73,2026,46.0,3.0,2.9,0.1,23.8,47,76,33,75,55,74,32,67,27,25,35,26,,
Phoenix Suns,Jamaree Bouyea,60,65,2026,46.0,5.7,1.8,1.8,29.5,68,26,63,36,69,36,62,43,57,68,60,60,,
Free Agents,James Harden,85,85,2026,70.0,23.58,4.8,7.95,37.97,88,45,75,58,89,51,78,67,,89,,94,72.82517202860922,73.82517202860922
Free Agents,Jalen Duren,82,89,2026,70.0,19.5,10.5,2.0,0.0,62,87,65,91,67,82,67,94,49,48,28,54,,
Free Agents,DeMar DeRozan,78,78,2026,77.0,18.4,2.9,4.1,32.0,86,38,75,32,87,43,76,46,66,,68,,,
Free Agents,Russell Westbrook,75,75,2026,64.0,15.2,5.4,6.7,33.8,56,30,90,80,61,35,88,79,72,85,74,89,,
Free Agents,Bennedict Mathurin,75,79,2026,54.0,17.61,5.45,2.34,29.26,85,30,61,,87,35,65,,77,54,73,59,,
Free Agents,Jonathan Kuminga,73,80,2026,36.0,12.14,5.58,2.32,33.21,62,60,64,88,66,55,63,83,71,,73,,,
Free Agents,Peyton Watson,73,80,2026,54.0,14.6,4.9,2.1,41.1,64,91,70,74,68,89,72,75,73,52,79,56,,
Free Agents,Jaden Ivey,72,78,2026,37.0,8.56,2.48,1.86,37.3,71,53,70,45,75,55,67,51,72,69,76,61,,
Free Agents,Cam Thomas,72,78,2026,42.0,13.5,1.71,2.59,30.36,78,29,,33,80,31,,41,79,72,75,67,,
Free Agents,Jonas Valančiūnas,70,70,2026,65.0,8.7,5.1,1.2,30.8,67,83,40,86,71,76,39,81,57,51,62,48,,
Free Agents,Brandon Williams,70,73,2026,66.0,13.0,2.9,3.9,23.2,72,46,85,52,75,47,80,56,64,80,61,78,,
Free Agents,Ochai Agbaji,69,74,2026,62.0,5.07,2.3,0.73,23.79,79,63,64,62,82,57,57,58,68,,64,,,
Free Agents,Bradley Beal,68,68,2025,53.0,17.0,3.3,3.7,38.6,85,25,56,31,84,36,67,45,71,68,76,72,,
Free Agents,Guerschon Yabusele,68,68,2026,67.0,5.53,3.5,0.9,32.85,59,59,45,90,63,52,46,76,69,43,71,42,,
Free Agents,Cole Anthony,68,72,2026,35.0,6.7,2.5,3.5,30.6,69,,72,,67,,67,,64,77,66,74,,
Free Agents,Vince Williams Jr.,69,74,2026,40.0,7.5,3.88,4.15,31.18,68,,78,75,71,,73,71,66,85,68,81,,
Free Agents,A.J. Lawson,67,72,2025,26.0,9.1,3.3,1.2,32.7,74,47,78,48,72,45,68,56,66,57,69,50,,
Free Agents,Drew Eubanks,67,67,2026,42.0,5.2,3.0,0.5,14.3,40,85,58,87,45,77,54,73,54,25,45,31,,
Free Agents,Bruce Brown,66,66,2026,82.0,7.9,3.9,2.1,38.5,72,33,87,,74,37,83,,67,,74,,,
Free Agents,Cameron Payne,67,67,2025,72.0,6.9,1.4,2.8,36.3,78,,64,48,83,,60,46,75,71,77,68,,
Free Agents,Duop Reath,67,67,2026,32.0,2.9,1.2,0.3,41.8,76,83,,77,79,71,,63,58,,66,,,
Free Agents,Jett Howard,68,76,2026,55.0,5.5,1.6,0.8,37.2,84,56,49,51,89,50,44,49,76,50,79,43,,
Free Agents,Lonzo Ball,66,66,2026,35.0,4.6,4.0,3.9,27.2,61,47,91,75,63,48,89,72,71,77,68,76,,
Free Agents,Jalen Wilson,67,73,2026,54.0,6.4,2.1,0.9,35.5,64,42,67,53,67,34,59,52,77,39,78,40,,
Free Agents,Pat Spencer,67,67,2026,66.0,7.2,2.4,3.5,35.7,68,27,81,50,72,30,74,53,70,80,74,75,,
Free Agents,Blake Wesley,66,74,2026,31.0,4.8,1.3,2.0,27.8,60,35,67,40,58,38,62,42,66,72,65,63,,
Free Agents,Malik Beasley,65,65,2025,82.0,16.3,2.6,1.7,41.6,81,47,59,63,77,41,66,60,65,70,73,60,,
Free Agents,Ben Simmons,65,65,2025,51.0,5.04,4.71,5.56,0.0,48,77,74,82,56,69,71,78,,82,,85,,
Free Agents,Sasha Vezenkov,65,65,2024,42.0,5.4,2.3,0.5,37.5,76,79,62,84,78,67,59,70,77,75,79,61,,
Free Agents,Chuma Okeke,66,69,2024,47.0,2.3,1.7,0.4,28.0,62,75,74,72,60,63,62,59,53,54,57,40,,
Free Agents,Isaac Bonga,66,70,2021,40.0,2.0,1.7,0.6,27.7,65,55,72,65,64,49,60,55,58,81,60,67,,
Free Agents,Seth Curry,65,65,2025,68.0,6.5,1.7,0.9,45.6,85,25,53,27,86,29,59,38,82,45,87,43,,
Free Agents,Xavier Tillman Sr.,66,69,2026,30.0,1.45,1.43,0.45,9.33,69,74,63,86,61,62,54,72,66,52,58,40,,
Free Agents,Nicolas Batum,65,65,2026,74.0,4.0,2.5,0.9,40.4,58,60,84,60,66,55,74,58,76,36,81,39,,
Free Agents,Aaron Holiday,65,65,2026,57.0,5.5,1.0,1.1,39.4,75,30,64,26,80,32,60,34,79,64,82,52,,
Free Agents,Chris Paul,65,65,2025,82.0,8.8,3.6,7.4,37.7,69,25,54,31,77,36,66,45,67,84,73,90,,
Free Agents,Jeremiah Robinson-Earl,66,71,2025,66.0,6.3,4.8,1.3,34.1,65,58,70,88,72,47,66,81,52,33,60,42,,
Free Agents,Kelly Olynyk,65,65,2026,42.0,3.2,1.8,1.2,25.5,70,64,69,85,71,52,60,71,78,55,72,50,,
Free Agents,Killian Hayes,66,72,2024,42.0,6.9,2.8,4.9,29.7,74,35,60,44,72,47,66,52,65,76,66,81,,
Free Agents,Tony Bradley,65,65,2026,41.0,3.98,2.81,0.51,50.0,48,71,,82,56,59,,69,28,38,36,36,,
Free Agents,Amir Coffey,66,69,2026,46.0,3.23,1.25,0.61,32.77,67,43,54,39,73,39,47,41,69,60,71,46,,
Free Agents,Nick Richards,65,65,2026,48.0,5.74,5.03,0.34,11.58,45,83,30,80,53,77,33,78,48,27,32,30,,
Free Agents,Trendon Watford,66,72,2026,53.0,6.5,3.3,2.5,20.0,69,74,49,85,73,66,47,73,58,77,54,68,,
Free Agents,Tyrese Martin,66,70,2026,46.0,6.3,2.55,1.72,30.04,62,38,74,61,61,37,67,59,70,65,69,58,,
Free Agents,Dwight Powell,65,65,2026,63.0,3.3,4.1,1.1,28.6,58,69,66,84,62,60,61,76,32,46,40,45,,
Free Agents,Rayan Rupert,66,75,2026,64.0,5.22,2.95,1.05,31.7,67,30,91,67,68,32,82,63,,48,,45,,
Free Agents,Victor Oladipo,64,64,2023,42.0,10.7,3.0,3.5,33.0,72,40,64,42,73,44,75,52,69,56,71,66,,
Free Agents,Dwight Howard,64,64,2022,60.0,6.2,5.9,0.6,53.3,25,79,,,33,74,,,25,25,33,32,,
Free Agents,Evan Fournier,64,64,2024,32.0,6.9,1.84,1.54,25.72,72,51,59,45,76,46,66,47,76,71,70,59,,
Free Agents,Georges Niang,64,64,2025,79.0,9.91,3.45,1.41,40.46,75,71,66,62,77,59,57,63,73,60,79,53,,
Free Agents,Isaiah Thomas,64,64,2020,40.0,12.2,1.7,3.7,41.3,81,25,48,25,82,33,46,37,73,67,80,72,,
Free Agents,Spencer Dinwiddie,64,64,2025,79.0,11.0,2.6,4.4,33.4,79,51,48,58,80,47,60,57,73,72,74,77,,
Free Agents,Alec Burks,64,64,2025,49.0,7.3,2.5,1.1,42.5,74,30,64,45,76,32,63,51,73,64,80,52,,
Free Agents,DeMarcus Cousins,64,64,2022,48.0,8.97,5.61,1.49,30.52,55,77,43,77,63,68,53,78,62,25,65,39,,
Free Agents,Eric Bledsoe,64,64,2022,54.0,9.9,3.4,4.2,31.3,68,28,71,33,71,40,78,47,55,76,61,77,,
Free Agents,Hassan Whiteside,64,64,2022,65.0,8.2,7.6,0.4,0.0,25,77,34,86,33,86,38,88,,25,,29,,
Free Agents,John Wall,64,64,2023,34.0,11.4,2.7,5.2,30.3,65,25,59,39,66,37,64,49,61,79,64,83,,
Free Agents,Patrick Beverley,64,64,2024,73.0,6.19,3.28,2.92,33.52,61,52,76,25,69,55,69,39,62,,67,,,
Free Agents,Nikola Mirotić,64,64,2019,46.0,15.15,7.42,1.19,36.43,61,68,53,59,69,70,59,73,,64,,53,,
Free Agents,Quinn Cook,64,64,2020,44.0,5.1,1.2,1.1,36.5,72,,58,25,75,,52,34,72,74,76,60,,
Free Agents,Kam Jones,64,71,2026,37.0,4.4,1.6,3.2,29.3,67,41,72,38,60,34,65,43,69,80,68,74,,
Free Agents,Gabe Vincent,64,64,2026,53.0,4.39,0.99,1.44,33.78,74,26,71,26,80,27,64,34,74,64,75,55,,
Free Agents,Jalen Pickett,64,70,2026,50.0,5.2,2.3,2.3,38.6,76,29,49,52,78,31,47,53,72,78,77,67,,
Free Agents,Kevin Love,64,64,2026,37.0,6.7,5.8,1.8,37.3,77,56,58,94,80,50,54,87,86,68,85,60,,
Free Agents,Kobe Brown,64,70,2026,61.0,5.78,3.06,1.33,33.94,70,55,54,81,74,50,52,70,70,56,72,51,,
Free Agents,Cedi Osman,63,63,2024,72.0,6.8,2.5,1.7,38.9,,63,67,58,,54,62,57,67,65,74,58,,
Free Agents,Delon Wright,63,63,2025,40.0,3.13,1.66,1.91,27.58,69,48,71,51,66,47,72,49,56,67,59,61,,
Free Agents,Jeremy Lin,63,63,2019,74.0,9.55,2.39,3.1,29.17,75,25,52,25,79,31,56,39,69,72,68,70,,
Free Agents,Lance Stephenson,63,63,2022,46.0,8.32,2.76,3.63,26.96,72,25,,51,74,28,,55,74,53,70,66,,
Free Agents,Michael Beasley,63,63,2019,26.0,7.0,2.3,1.0,17.6,77,37,52,58,76,46,48,56,80,60,72,49,,
Free Agents,Reggie Jackson,63,63,2025,31.0,4.4,1.4,1.5,33.8,72,25,43,25,75,29,49,36,65,70,69,58,,
Free Agents,Cam Reddish,63,68,2025,33.0,3.2,2.0,0.7,27.7,67,41,62,47,65,45,69,49,61,56,62,45,,
Free Agents,Dante Exum,63,63,2024,55.0,7.8,2.7,2.9,49.1,81,35,41,52,80,34,45,55,73,,81,,,
Free Agents,Eric Gordon,63,63,2025,39.0,6.8,1.2,1.7,40.9,73,25,56,32,74,36,60,38,73,69,79,60,,
Free Agents,John Tonje,63,70,2026,6.0,2.5,1.0,0.3,30.0,76,58,65,61,84,46,56,49,73,62,71,48,,
Free Agents,Kendrick Nunn,63,63,2023,70.0,7.05,1.53,1.3,35.47,58,46,70,44,66,40,61,45,71,56,74,51,,
Free Agents,Mason Plumlee,63,63,2025,74.0,4.5,6.1,1.8,0.0,35,,,81,43,,,82,,50,,53,,
Free Agents,Doug McDermott,63,63,2026,29.0,5.7,1.3,0.8,39.0,76,38,,39,82,36,,41,85,49,86,43,,
Free Agents,Isaiah Livers,63,67,2026,36.0,1.8,1.7,0.6,30.0,68,63,66,66,71,54,59,56,,54,,43,,
Free Agents,Malaki Branham,63,71,2026,28.0,4.6,1.6,0.8,37.8,68,36,75,45,74,35,64,46,69,64,74,50,,
Free Agents,Elijah Harkless,63,69,2026,26.0,6.8,2.0,2.9,23.9,69,,81,34,72,,82,43,66,76,63,70,,
Free Agents,Anthony Gill,63,63,2026,55.0,5.8,2.9,1.3,35.4,63,75,68,79,67,66,65,69,54,52,62,49,,
Free Agents,Jonathan Mogbo,62,70,2026,40.0,1.5,1.7,0.6,0.0,62,69,62,75,63,57,54,61,,45,,39,,
Free Agents,Greg Monroe,61,61,2019,43.0,5.34,3.99,0.54,6.98,51,69,60,76,53,57,52,72,41,25,35,31,,
Free Agents,T.J. Warren,62,62,2023,42.0,7.48,2.91,0.95,32.65,,41,61,55,,45,59,58,70,61,71,49,,
Free Agents,Amari Williams,62,68,2026,22.0,1.4,1.8,0.5,0.0,64,67,30,67,67,65,31,57,59,49,30,40,,
Free Agents,Chimezie Metu,62,62,2024,51.0,6.51,3.82,0.88,29.62,63,68,59,81,71,59,64,74,,37,,39,,
Free Agents,Chris Boucher,62,62,2025,50.0,10.0,4.5,0.7,36.3,73,75,61,77,75,69,59,75,70,,74,,,
Free Agents,Cody Martin,62,62,2025,53.0,6.72,4.21,1.98,26.7,,63,59,57,,65,68,64,67,54,65,56,,
Free Agents,Jahmir Young,62,68,2026,14.0,1.8,0.3,0.6,33.3,72,,61,25,80,,49,28,64,72,68,58,,
Free Agents,Jordan Nwora,62,66,2024,52.0,6.97,2.85,1.2,33.28,71,38,63,41,76,43,60,51,68,64,71,53,,
Free Agents,Kyle Lowry,61,61,2025,35.0,3.9,1.9,2.7,33.0,70,33,59,34,75,40,66,43,69,72,71,68,,
Free Agents,Shabazz Napier,61,61,2020,56.0,10.31,2.85,4.7,31.81,64,25,46,25,71,33,58,39,63,75,66,79,,
Free Agents,Brooks Barnhizer,62,69,2026,40.0,1.7,1.9,0.6,29.2,,42,66,,,38,56,,60,66,62,52,,
Free Agents,Lindy Waters III,61,61,2026,40.0,2.4,0.7,0.5,34.2,60,30,63,42,63,28,51,39,63,58,68,44,,
Free Agents,Maxi Kleber,62,62,2026,43.0,2.0,2.0,0.6,23.1,68,76,55,78,63,64,53,64,72,,66,,,
Free Agents,Bol Bol,60,65,2025,36.0,6.8,2.9,0.6,34.4,65,69,,80,70,70,,69,73,48,75,40,,
Free Agents,Brandon Boston Jr.,61,68,2025,42.0,10.7,3.2,2.2,35.0,61,,71,43,68,,78,54,69,51,72,57,,
Free Agents,Garrett Temple,60,60,2025,28.0,1.9,1.0,1.1,21.4,69,29,64,45,77,31,63,42,68,64,63,52,,
Free Agents,Isaac Jones,61,68,2026,7.0,1.29,0.76,0.13,0.0,52,80,56,83,60,68,44,69,31,36,28,31,,
Free Agents,Jared Butler,61,67,2025,60.0,9.05,1.86,3.67,35.95,68,25,54,25,74,34,60,38,65,69,71,72,,
Free Agents,Jeff Green,60,60,2026,30.0,2.2,0.8,0.3,27.3,63,76,28,80,71,64,30,66,68,67,66,53,,
Free Agents,Josh Christopher,61,68,2023,64.0,5.8,1.1,1.1,23.6,61,25,54,25,66,33,55,34,58,68,57,54,,
Free Agents,Julian Phillips,61,71,2026,48.0,2.91,1.06,0.2,30.61,72,70,79,67,75,58,68,53,64,31,66,30,,
Free Agents,Keshad Johnson,61,69,2026,32.0,4.2,1.9,0.2,29.5,56,,72,39,62,,65,45,53,46,58,35,,
Free Agents,Talen Horton-Tucker,61,67,2025,58.0,6.5,1.7,1.4,33.6,65,33,61,38,68,37,56,43,64,66,68,56,,
Free Agents,Vladislav Goldin,61,68,2026,9.0,0.8,1.0,0.3,0.0,50,72,30,75,58,62,28,61,,37,,33,,
Free Agents,Christian Koloko,60,66,2026,27.0,2.67,3.01,0.68,6.48,38,73,47,79,43,75,51,69,,27,,33,,
Free Agents,Darius Bazley,59,65,2023,43.0,5.17,3.22,0.9,37.56,62,70,,61,58,72,,62,52,52,60,45,,
Free Agents,Kai Jones,59,65,2025,40.0,4.96,3.1,0.67,9.99,35,63,,70,43,65,,65,,36,,37,,
Free Agents,Dario Šarić,59,59,2024,64.0,8.0,4.4,2.3,37.6,55,70,35,,63,58,44,,49,39,57,53,,
Free Agents,Isaiah Stevens,60,67,2026,3.0,3.3,1.0,3.3,0.0,74,,57,25,82,,69,33,60,,30,,,
Free Agents,Joe Ingles,59,59,2026,27.0,1.5,0.7,1.3,43.8,75,41,55,70,83,38,50,56,69,79,77,65,,
Free Agents,K.J. Martin,60,66,2025,43.0,6.36,2.91,1.11,29.62,70,35,48,27,73,47,49,41,69,70,68,56,,
Free Agents,Monte Morris,59,59,2025,45.0,5.2,1.5,1.6,36.0,61,26,48,38,69,29,49,42,67,68,72,58,,
Free Agents,Nigel Hayes-Davis,59,59,2026,27.0,1.3,1.2,0.3,12.5,62,44,62,60,57,39,54,50,,65,,51,,
Free Agents,Furkan Korkmaz,58,58,2024,35.0,2.5,0.9,0.7,35.0,76,39,52,44,74,37,51,41,60,62,67,48,,
Free Agents,Aleksej Pokusevski,59,66,2024,28.0,5.19,3.19,1.27,29.9,57,64,,68,61,63,,65,57,52,61,49,,
Free Agents,Shake Milton,58,58,2025,57.0,5.56,1.85,1.82,33.9,66,27,63,25,72,28,58,38,68,67,71,60,,
Free Agents,Bismack Biyombo,58,58,2026,25.0,0.9,1.0,0.2,0.0,25,81,25,79,33,69,31,65,,25,,27,,
Free Agents,Carsen Edwards,58,58,2021,31.0,4.0,0.8,0.5,28.6,62,,58,36,70,,49,37,,52,,41,,
Free Agents,Dalano Banton,58,63,2025,67.0,8.3,2.0,2.4,32.4,60,40,56,39,65,50,58,46,52,67,60,64,,
Free Agents,Hunter Tyson,58,64,2025,51.0,2.6,1.5,0.4,31.1,61,46,59,64,66,40,50,54,60,53,64,40,,
Free Agents,Jacob Toppin,58,63,2026,5.0,1.6,0.2,0.2,0.0,52,72,54,74,44,60,42,60,37,43,28,34,,
Free Agents,Juancho Hernangomez,58,58,2023,42.0,2.9,2.9,0.6,25.4,59,63,68,47,58,51,60,54,66,49,64,41,,
Free Agents,Lonnie Walker IV,58,62,2024,58.0,9.7,2.2,1.3,38.4,64,61,48,48,69,56,54,51,47,58,55,52,,
Free Agents,N'Faly Dante,59,66,2026,4.0,0.8,1.8,0.0,0.0,25,78,29,79,33,66,41,65,,30,,27,,
Free Agents,Omer Yurtseven,58,62,2024,48.0,4.6,4.3,0.6,20.8,56,69,44,68,61,63,41,70,48,28,49,33,,
Free Agents,Thanasis Antetokounmpo,58,58,2026,34.0,1.4,0.9,0.4,0.0,41,72,64,71,46,60,58,57,41,46,28,37,,
Free Agents,Usman Garuba,59,66,2023,75.0,3.0,4.1,0.9,40.7,53,75,59,80,56,66,60,74,25,34,33,38,,
Free Agents,Keaton Wallace,58,63,2026,53.0,3.5,1.1,1.8,37.3,59,27,60,25,62,30,58,34,52,63,60,58,,
Free Agents,Riley Minix,59,65,2026,9.0,3.87,0.7,0.57,33.3,64,41,67,47,65,39,55,41,65,48,69,40,,
Free Agents,Tristan Enaruna,59,66,2026,9.0,4.1,1.6,0.8,30.0,70,43,,44,72,35,,45,59,55,62,45,,
Free Agents,Brandon Knight,57,57,2020,25.0,7.31,1.66,2.73,32.98,73,25,47,25,65,29,49,37,64,64,68,65,,
Free Agents,Davis Bertans,58,58,2024,43.0,6.74,1.42,0.8,38.97,71,54,47,55,79,51,53,49,75,52,79,44,,
Free Agents,Denzel Valentine,57,57,2021,62.0,6.5,3.2,1.7,33.1,70,30,,30,78,32,,44,67,60,70,56,,
Free Agents,Kenneth Faried,57,57,2019,37.0,10.37,6.74,0.54,30.14,32,74,45,90,40,72,49,88,42,33,50,34,,
Free Agents,Shabazz Muhammad,57,57,2018,43.0,5.0,1.76,0.3,25.3,69,35,59,50,72,34,51,49,,62,,48,,
Free Agents,Terry Rozier,57,57,2025,64.0,10.6,3.7,2.6,29.5,53,25,71,25,61,33,66,39,60,,62,,,
Free Agents,Jordan Mickey,57,57,2017,25.0,1.5,1.4,0.3,0.0,70,62,42,63,65,53,37,53,42,50,28,38,,
Free Agents,Richaun Holmes,57,57,2025,31.0,7.4,5.7,1.4,0.0,51,69,32,69,59,70,37,75,30,25,28,39,,
Free Agents,Terence Davis,57,57,2023,64.0,6.7,2.2,1.0,36.6,69,34,58,25,73,38,61,39,68,55,73,48,,
Free Agents,Torrey Craig,57,57,2025,26.0,4.15,2.8,0.67,33.81,,63,60,39,,61,54,50,65,71,69,57,,
Free Agents,Vlatko Cancar,57,57,2023,60.0,5.0,2.1,1.3,37.4,63,66,45,57,71,55,47,54,61,,69,,,
Free Agents,Alex Len,57,57,2025,46.0,1.57,2.08,0.8,20.31,57,65,39,76,53,62,38,63,25,26,33,34,,
Free Agents,Damion Lee,57,57,2025,25.0,3.3,0.8,0.4,24.3,48,38,54,42,56,32,47,39,51,76,53,62,,
Free Agents,Alex Antetokounmpo,58,65,2026,6.0,3.2,1.0,0.2,28.6,47,66,58,65,55,55,46,51,37,45,45,35,,
Free Agents,Bruno Caboclo,57,57,2020,30.0,2.99,2.0,0.45,18.4,59,61,62,55,65,62,60,53,,46,,38,,
Free Agents,Dwayne Bacon,57,57,2021,72.0,10.9,3.1,1.3,28.5,58,53,,47,66,44,,55,55,54,58,50,,
Free Agents,Emoni Bates,58,67,2025,10.0,3.7,0.7,0.8,36.7,56,,56,47,48,,45,41,58,52,66,44,,
Free Agents,Julian Reese,58,68,2026,13.0,11.8,10.5,1.8,0.0,,45,61,61,,55,73,75,61,51,30,54,,
Free Agents,Noah Vonleh,57,57,2020,36.0,3.67,3.44,0.78,30.96,40,64,51,71,48,53,48,67,57,,62,,,
Free Agents,P.J. Dozier,57,57,2021,50.0,7.7,3.6,1.8,31.5,56,29,,46,59,41,,57,39,,47,,,
Free Agents,Ben McLemore,56,56,2022,64.0,10.2,1.6,0.9,36.2,68,27,,34,74,34,,41,66,57,71,47,,
Free Agents,Boban Marjanović,56,56,2023,31.0,3.3,1.9,0.3,0.0,51,75,,77,59,63,,63,,36,,33,,
Free Agents,Edy Tavares,55,55,2017,2.0,4.0,5.5,0.5,0.0,25,77,36,,27,87,31,,,25,,31,,
Free Agents,Jabari Parker,56,56,2020,38.0,13.97,5.65,1.78,26.68,72,56,48,40,74,57,60,54,,64,,58,,
Free Agents,Rondae Hollis-Jefferson,56,56,2020,60.0,7.0,4.7,1.8,13.0,54,60,65,60,61,58,67,68,,52,,54,,
Free Agents,Sindarius Thornwell,56,56,2019,64.0,1.0,0.7,0.3,20.0,70,25,60,39,72,29,50,37,66,54,60,40,,
Free Agents,Jae Crowder,55,55,2024,50.0,6.2,3.2,1.3,34.9,57,53,68,40,63,48,69,52,58,60,65,52,,
Free Agents,Cory Joseph,56,56,2025,50.0,3.5,1.5,1.4,36.4,62,25,49,25,68,29,52,36,64,65,70,55,,
Free Agents,Patty Mills,56,56,2025,29.0,3.86,0.74,0.87,38.16,66,25,58,27,74,29,56,32,69,66,75,52,,
Free Agents,Robert Covington,55,55,2024,29.0,4.34,3.33,0.87,34.32,52,35,67,42,60,47,76,54,56,58,64,47,,
Free Agents,Yuta Watanabe,56,56,2024,34.0,3.45,1.63,0.4,28.76,71,58,52,58,66,50,50,52,,43,,36,,
Free Agents,Mike James,55,55,2018,36.0,9.36,2.52,3.54,23.82,50,25,57,39,57,32,62,48,55,60,56,68,,
Free Agents,P.J. Tucker,55,55,2024,31.0,1.64,2.71,0.54,37.02,60,41,54,62,68,43,56,60,66,61,72,47,,
Free Agents,Frank Kaminsky,56,56,2023,36.0,2.45,1.46,0.88,40.08,69,72,49,78,77,60,43,64,70,31,77,37,,
Free Agents,Shane Larkin,56,56,2018,54.0,4.3,1.7,1.8,36.0,49,,42,25,57,,48,37,59,65,67,59,,
Free Agents,Yogi Ferrell,56,56,2020,50.0,4.4,1.0,1.4,30.4,68,25,45,25,75,29,47,33,58,70,62,57,,
Free Agents,Facundo Campazzo,55,55,2022,65.0,5.1,1.8,3.4,30.1,59,25,54,25,66,37,65,38,52,64,58,69,,
Free Agents,Harry Giles III,56,56,2021,38.0,2.8,3.5,0.8,34.8,49,67,32,71,53,59,35,68,25,,33,,,
Free Agents,Jarrett Culver,56,60,2022,37.0,3.5,1.3,0.9,25.5,68,,60,26,60,,58,36,41,66,48,52,,
Free Agents,Kevin Knox II,56,61,2024,31.0,7.2,2.4,0.7,33.0,63,60,61,48,71,52,56,52,42,48,50,42,,
Free Agents,Stanley Johnson,55,55,2023,30.0,5.8,3.2,2.2,45.0,54,60,64,57,59,52,60,60,35,61,43,60,,
Free Agents,Tony Snell,55,55,2022,53.0,3.53,1.96,0.5,34.15,55,55,49,59,63,48,46,54,37,70,45,56,,
Free Agents,Trey Burke,55,55,2022,42.0,5.1,0.8,1.4,31.7,61,,47,25,69,,46,32,62,59,65,53,,
Free Agents,Dalen Terry,66,73,2026,48.0,3.67,1.81,1.39,36.55,60,59,86,55,57,54,74,52,68,70,73,57,,
Free Agents,Mouhamadou Gueye,60,64,2026,2.0,8.0,3.0,3.0,20.0,58,,59,65,64,,68,63,56,40,54,54,,
Free Agents,Oscar Tshiebwe,62,68,2026,27.0,7.8,6.6,1.2,0.0,59,69,50,75,57,57,55,80,57,62,30,52,,
Free Agents,J.D. Davison,60,68,2026,28.0,2.5,1.2,1.2,25.0,62,25,54,25,65,33,47,34,62,67,61,54,,
